id,label
0,.
1,
2,
3,
4,
5,
6,
7,
8,
9,
10,
11,
12,
13,
14,
15,
16,
17,W
18,
19,DD
20,D
21,W
22,hI
23,D
24,fm
25,inb
26,Dh
27,bD
28,n
29,iD
30,hRsp
31,DRhh
32,Siy
33,Wih
34,i
35,h
36,hIiHfn
37,NHgnRyDA
38,pDHARHtR
39,mv
40,frni
41,DdI?srW
42,aj?
43,ivi?
44,rfysiri
45,nWiDih?DE
46,jmDDD
47,sUr
48,AOWhS
49,vbwi.sWwml
50,.yDh
51,sih
52,ferIAH
53,Rhp.fnHz
54,Hhmip.m
55,fdHvmIa
56,DyDdbvsb
57,Dhhu
58,zDrseRwaft
59,wihrRRH
60,hehkRH
61,hnw
62,lNIsnIgAYIbh
63,lhyyHh
64,.
65,
66,
67,
68,
69,
70,
71,
72,
73,
74,
75,
76,
77,
78,f
79,
80,
81,
82,m
83,ssb
84,s
85,Si
86,S
87,H
88,DbHW
89,
90,bAib
91,aI
92,hlI
93,sDh
94,mIe
95,e
96,Dikh
97,htyIW
98,izAW
99,mbAsH
100,yDbmtH
101,HDrDh
102,H
103,szjDt
104,hdy
105,igeDily
106,iihlWp
107,sblDWh
108,sfeDR
109,eIRdks
110,rRhhIhDAc
111,nzRehtzlse
112,DeOO
113,kbEt
114,kzEhsIh
115,syt
116,ronIstiat
117,IDhWdsht
118,HslridnH
119,HyW
120,hdrnWn
121,dDdfnIlUbh
122,IgddllE
123,dDzhgHil
124,izthsHi
125,nDDtcHhDl
126,UtnWibrmk
127,hmiid
128,.
129,
130,
131,
132,
133,
134,
135,
136,
137,
138,
139,
140,
141,
142,
143,
144,
145,
146,
147,W
148,
149,
150,Hs
151,s
152,i
153,
154,b
155,hit
156,Dyb
157,hI
158,?
159,c?k?
160,si?f
161,HS
162,ngi
163,gd?IkO
164,UIh
165,ite
166,fiDf
167,Dth
168,tdb
169,Dz
170,hnrE
171,eWIb
172,hlhmht
173,tWdt
174,nmtbit
175,rRiWIm
176,EwdW
177,hit
178,b
179,bhrzf
180,bAituk
181,hdeHkhIW
182,bvhbb
183,shhnDka
184,RpDyfslthh
185,WvfDhtDD?
186,DImon?
187,IhHIDtUeihRe?vD
188,IsWiD?
189,dhElhDl?
190,hyStslcl?
191,dwOryA
192,.
193,
194,
195,
196,
197,
198,
199,T
200,
201,t
202,
203,
204,
205,
206,
207,
208,
209,D
210,D
211,
212,
213,
214,d
215,Sy
216,
217,hD
218,
219,y
220,I
221,hhth
222,
223,
224,fg
225,bUt
226,ig
227,d
228,bDh
229,hlhbEhW
230,AAWk
231,nIiniIzA
232,tnDbhh
233,bdDD
234,ahEs
235,DdDd
236,cimiRtv
237,ttRt
238,prihn
239,sREAn
240,Uhtivtn
241,veno
242,ezildR
243,tsrDhlRA
244,sWiy
245,WhdH
246,rWzHAk
247,mSDt
248,hpsDEydI
249,UrsyzDb
250,b
251,sEDRskw
252,yRhsy
253,lsIRezOphW
254,deiiOjH
255,htRztISh
256,.
257,
258,
259,
260,
261,
262,
263,
264,
265,
266,
267,
268,
269,
270,
271,
272,
273,
274,
275,
276,
277,A
278,Di
279,?i
280,?
281,S?
282,
283,shU
284,
285,Dtbk
286,Wik
287,DWWs
288,Os
289,
290,i
291,HHs
292,H
293,tr
294,iIeRhDf
295,D
296,ny
297,hh
298,nhih
299,zDni
300,Eehn
301,s
302,bzIDhieb
303,HDD
304,tpAat
305,bhdbDRIy
306,Ws?
307,nkp?kh
308,IhHhck?hHevyb
309,iHa?l
310,ehklym
311,izUWS
312,eniubW
313,lvkjeID
314,irtshWi
315,mRoDRW
316,tRdRh?IWI
317,hbAyAnyHiHUihst
318,bnshuhdt
319,tainhHhNtAs
320,.
321,
322,
323,
324,
325,
326,
327,
328,
329,
330,
331,
332,
333,
334,D
335,
336,
337,
338,
339,i
340,bDp
341,b
342,a
343,h
344,
345,
346,D
347,ii
348,Ay
349,nDAW
350,snD
351,rt
352,bRpi
353,DoD
354,RhhUdU
355,R
356,htfph
357,
358,Wfkz
359,hiIWr
360,hhy
361,sycH
362,hhzs
363,HWe
364,tvRneAI
365,vRrzaiS
366,t
367,snbin
368,ydIRzv
369,tbss
370,hmhDvy
371,nhhse
372,Dhemzhm
373,pyhhAWbhI
374,Rhltpn
375,tmbD
376,lmhizh
377,ltbzybh
378,ikznd
379,EDfvDWHeh
380,hIsihy
381,lgfDnsn?S
382,oOhnht
383,ohARhfHt
384,.
385,
386,
387,
388,
389,
390,
391,
392,
393,
394,
395,
396,
397,
398,
399,
400,
401,D
402,D
403,
404,
405,
406,h
407,Ssb
408,
409,Ab
410,
411,I
412,ts
413,mz
414,zWhW
415,ii
416,n
417,UIDh
418,D
419,yTi
420,HAmy
421,AkW
422,mizhh
423,irWiizD
424,iWdHhW
425,Wnd
426,SODhd
427,ODbtmUU
428,eOIhDo
429,nStigDl
430,nWnW
431,fyWbkIyii
432,zreb
433,eWaihb
434,iEtU
435,AhDhd
436,avlmmh
437,RtkmySD
438,hDgsIlAf
439,IhDvnTclAf
440,gzlnOWbU
441,UchlDhiWh
442,DhzmhnWfw
443,fDhimhWhfis
444,Dkhbe
445,iznsbtsIi?tR
446,bhnhHvr?
447,WfhtkHiD
448,.
449,
450,
451,
452,
453,
454,S
455,
456,
457,
458,
459,
460,
461,
462,
463,
464,
465,
466,s
467,S
468,hh
469,
470,b
471,
472,
473,Hsb
474,Hh
475,igm
476,ikh
477,H
478,pmnt
479,hy
480,HIh
481,
482,
483,?sU
484,Ebit
485,h
486,i
487,iasntf
488,bWsshD
489,WhO
490,Hl
491,EWbdidh
492,IkDt
493,wIDDbT
494,fDt
495,huDeomDI
496,SDatmz
497,RnthhAIb
498,pipr
499,zU
500,rhtrW
501,dDIR
502,nhIDpDE
503,rkhbhbk
504,ltDt
505,lyDt
506,fbWEOy
507,fhniIlDDr
508,SfiHdlsWynDD
509,kdhOwtze
510,bimii
511,dhmthha
512,.
513,
514,
515,
516,
517,
518,
519,
520,
521,
522,h
523,
524,
525,
526,
527,
528,
529,
530,D
531,
532,bb
533,h
534,W
535,Wt
536,hsR
537,DW
538,WE
539,D
540,ikt
541,pbhi
542,DbWbA
543,ftW
544,I
545,d
546,A
547,E
548,beIe
549,bdyI
550,ybASHirD
551,seibWR
552,n
553,hseyW
554,iHs
555,HIhHwbhD
556,IWIse
557,Shhnzyi
558,l
559,zhhhaH
560,ipAW?
561,yDWS
562,WrDU
563,WvyzcI
564,WnhvbT
565,DHttoyw
566,ortADf
567,zlrkhynW
568,gibIhinfW
569,b?ldhW
570,d.?hhlhrIlH
571,IshWRihAtH
572,pWtmis?
573,myzmsn?h
574,hHyyd?
575,RyztlhIiy
576,.
577,
578,
579,
580,
581,
582,
583,
584,
585,
586,
587,
588,
589,
590,
591,
592,S
593,
594,c
595,
596,
597,
598,
599,
600,hI
601,DHl
602,
603,Ib
604,HA
605,t
606,nIIi
607,dI
608,IOlW
609,Ii
610,SIn
611,UDynh
612,D
613,ydH
614,Rms
615,hsyimH
616,SsDDsH
617,hnIDIbmRiH
618,nHi
619,iI
620,knI
621,ktsAnk
622,ivhhhWIU
623,ehWhvi
624,tRvh
625,tWt
626,yzkbtn
627,IihDhzW
628,sDhW
629,innfDclO
630,sfDIss
631,sIbhEW
632,bsDbbD
633,tDe
634,zhhhb
635,e?aiOyDem
636,R?RtshshbsHas
637,pR?RIeemnOR
638,WhhtzsoghDhh
639,UsHsIDRk
640,.
641,
642,
643,
644,
645,
646,
647,
648,
649,
650,
651,
652,
653,
654,
655,
656,
657,d
658,m
659,
660,
661,D
662,H
663,Dhn
664,k
665,Dh
666,A
667,h
668,ObsHr
669,b
670,I
671,h
672,Dl
673,HhDs
674,hheHyRA
675,hmb
676,fEmnh
677,Wn
678,WIW
679,Ai
680,R
681,dhnis
682,Osi
683,nlIHIfh
684,kioyHfe
685,kfRHtf
686,IiWom
687,nsk
688,WnAhh
689,lhAstdnO
690,dRsIiW
691,dnI
692,DDoHh
693,AyvbzH
694,RzDd
695,hiykHsDes
696,dD
697,ehpEhIA
698,nlbemthIUsw
699,lbzEknbhhk
700,RObIwdh
701,DINmfitW
702,ht?SnsO
703,IAkh?.E.s
704,.
705,
706,
707,
708,
709,
710,
711,
712,
713,p
714,
715,
716,
717,
718,
719,h
720,
721,
722,
723,
724,
725,i
726,
727,Sm
728,m
729,ni
730,W
731,D
732,
733,iI
734,pIDt
735,hD
736,ieWH
737,zR
738,ShHDR
739,Rhs
740,sOIr
741,irhHI
742,uyDi
743,RIhDnh
744,bz
745,Hy
746,hy
747,hWkn
748,IkHkAeDs
749,iRtHkc
750,fdhH
751,mptddhH
752,WkTAtRhH
753,kRtbShhh
754,omD
755,m
756,?Rhbh
757,be?hyt
758,WtzlhRIzO
759,hRUeeDf
760,rRniI
761,URebWHe
762,hhDvWDW.R
763,OUDDhpRe
764,isiWtlhWI
765,iNWEWsAni
766,NtDhyhkDbkHe
767,matDkEeHUHp
768,.
769,
770,
771,
772,
773,
774,
775,
776,
777,
778,
779,
780,
781,
782,
783,b
784,
785,
786,
787,b
788,
789,D
790,
791,
792,h
793,ku
794,H
795,RIb
796,Eih
797,tb
798,HDtId
799,
800,hh
801,IvR
802,h
803,
804,syr
805,WhiW
806,Wdmr
807,RiWAWn
808,Rk
809,HndnDsh
810,iWnehu
811,DWDfn
812,nhbWiEmWn
813,iskR
814,WItIiRh
815,hDih
816,tOn
817,hhgt
818,nNfSfrte
819,nbeahAi
820,hRcRepeohy
821,gnkmR
822,khIIttzkihh
823,hsy
824,IDkDdD
825,DpppDDDd
826,zz?s
827,fAhethIW
828,aIbi
829,Ihmeimsmfzi
830,hkuHnyEihz
831,UsrhiiTim
832,.
833,
834,
835,
836,
837,
838,
839,
840,H
841,
842,
843,
844,h
845,
846,
847,
848,
849,DI
850,
851,
852,S
853,
854,bWh
855,
856,
857,zyh
858,
859,hf
860,WED
861,ARk
862,es
863,nA
864,k
865,idUAdbW
866,hmtrIk
867,b
868,
869,
870,DhjD
871,nAHe
872,h
873,jRubW
874,nbhAEypyht
875,dIyWW
876,tIW
877,ynvOp?y
878,Dswhhl?
879,iIsn?dO
880,n
881,WhheWUWsI
882,htUHy
883,OiriHH
884,rszIariH
885,Ibi
886,ytss?
887,ilsi?I
888,mhirOaDevW
889,EvfdzzzfdW
890,DhtsaeH
891,nmbSHphas
892,hHUpr
893,sabrAr
894,iRhkwynAOe
895,hDmhenh
896,.
897,
898,
899,
900,
901,
902,
903,
904,
905,
906,
907,
908,
909,
910,
911,
912,
913,
914,
915,
916,
917,m
918,
919,h
920,
921,b
922,
923,
924,h
925,W
926,nby
927,dh
928,n
929,ft
930,aHyW
931,ih
932,Adhn
933,snh
934,nk
935,dinIS
936,bda
937,AezD
938,?trh
939,o?AhdiW
940,yRn
941,Dntksty
942,thohDiy
943,DtI
944,ttU
945,It
946,AAdWDDIUz
947,Itth
948,niWtDTrtW
949,drio
950,UzAlR
951,nshhbh
952,swDsnavWit
953,mmfsdlbDW
954,ghDt
955,DllhDtz
956,dfthNDDhb
957,hnSbmh
958,WhbehR
959,RtWhDEDt
960,.
961,
962,
963,
964,
965,
966,
967,
968,
969,
970,T
971,
972,
973,
974,
975,
976,
977,
978,
979,
980,
981,S
982,S
983,i
984,fn
985,T
986,bs
987,ph
988,yh
989,HD
990,hO
991,
992,hI
993,HIibev
994,fRW
995,gpbsW
996,tDh
997,Rh
998,sIknm
999,dii?U
1000,iOWe
1001,lhWDiE
1002,RDW
1003,Rycnssiel
1004,fiddze
1005,uWR
1006,dpRR
1007,niifOhR
1008,AffUh
1009,fsakfd
1010,tdnh
1011,ElisvhroAs
1012,brhlAl
1013,Idheysf
1014,iibDty
1015,sphh
1016,tspby
1017,htfHWv
1018,ihlbIHOWDyH
1019,zldlvhfa
1020,hhosh
1021,nheRhp
1022,fiabhIorRyth
1023,kIOeWkhrhD
1024,.
1025,
1026,
1027,
1028,
1029,
1030,
1031,
1032,
1033,
1034,
1035,
1036,
1037,
1038,
1039,
1040,
1041,
1042,
1043,
1044,
1045,
1046,S
1047,WDj
1048,Ws
1049,
1050,y
1051,
1052,
1053,AhhIs
1054,tl
1055,ni
1056,dD
1057,AH
1058,nitDAi
1059,oyA
1060,lbfOyDn
1061,UAdeA
1062,AiRUW
1063,nsint
1064,onnUhdn
1065,dSddehk
1066,hHW
1067,b?mRDI
1068,Hma?ksR
1069,RUW
1070,kdI
1071,idkIdS
1072,AasdHhhId
1073,ngRpHdTdb
1074,ndsyRHtOhnIm
1075,IemrhmrD
1076,yDeRh
1077,nhrDtipmhDD
1078,rHbsD
1079,hIHIlh
1080,iShIp
1081,WnhDShbtkp
1082,RpIss
1083,yzmtzemI
1084,ztkyAItIDdempsI
1085,c?nIhDnI
1086,tiD?DhvE
1087,feD?kDo
1088,.
1089,
1090,
1091,
1092,
1093,
1094,
1095,
1096,
1097,
1098,
1099,
1100,
1101,
1102,
1103,
1104,f
1105,
1106,
1107,
1108,
1109,b
1110,
1111,A
1112,
1113,n
1114,D
1115,
1116,uDbi
1117,h
1118,nWn
1119,n
1120,DRsyD
1121,bsyl
1122,OA
1123,pW?
1124,DD
1125,hDD
1126,DDhhd
1127,bEhDbH
1128,DbhiemH
1129,seeEtkHmdE
1130,ti
1131,iHniI
1132,eIbsIDID
1133,thIIej
1134,RimsRt
1135,tvtehbsmR
1136,nrttsRhzD
1137,seR
1138,fiHI
1139,DhHIHr
1140,HbdesD
1141,rh
1142,fssi
1143,hUetRmkdOW
1144,l?iIARlgs
1145,d?Acrzh
1146,h?dpbkEbyry
1147,?Hnbst
1148,dshge
1149,rzfAbt
1150,itieihhttRtf
1151,yDtnhhsk
1152,.
1153,
1154,
1155,
1156,
1157,
1158,
1159,
1160,
1161,
1162,
1163,
1164,
1165,
1166,
1167,
1168,b
1169,D
1170,R
1171,
1172,
1173,
1174,r
1175,
1176,s
1177,n
1178,yDD
1179,y
1180,
1181,
1182,H
1183,Hii
1184,DHhSI
1185,Dm
1186,diS
1187,Adi
1188,nds
1189,i
1190,sAs
1191,hI
1192,hssz
1193,eAU
1194,R
1195,RkdW
1196,RdO
1197,Ekht
1198,dhHWrf
1199,eHA
1200,p?tWHOk
1201,t?tWHhyl
1202,evtIpyO
1203,tfIW
1204,hIzybsi
1205,h
1206,ibtUROOt
1207,kheRe
1208,ifyd
1209,R.DrDEy
1210,Rh.zf
1211,zIhk?ahnbDj
1212,mDdDke
1213,wDhreth
1214,nDeegIhf
1215,zRRfyd
1216,.
1217,
1218,
1219,
1220,
1221,
1222,
1223,
1224,
1225,t
1226,
1227,
1228,
1229,
1230,
1231,f
1232,
1233,
1234,W
1235,W
1236,I
1237,
1238,h
1239,
1240,h
1241,i
1242,
1243,mt
1244,
1245,Da
1246,ki
1247,
1248,A
1249,anDy
1250,ncI
1251,yndz
1252,hAy
1253,y
1254,nhhn
1255,n
1256,kns
1257,eOh
1258,HUgW
1259,HndDsiW
1260,HIdE
1261,f
1262,HabIhkt
1263,hDf
1264,boywhy
1265,mddzi
1266,dr
1267,tmOhO
1268,lOihn
1269,wsrsWAn
1270,Htn
1271,tUkhnpib
1272,tsH
1273,tIIAUiaejsnmitI
1274,wWvDbkHDf
1275,shsDmntz
1276,zszmtWUt
1277,IHA?lh
1278,iHDIr
1279,iisIDAAh
1280,.
1281,
1282,
1283,
1284,
1285,
1286,
1287,
1288,
1289,f
1290,
1291,
1292,
1293,
1294,p
1295,p
1296,
1297,
1298,
1299,
1300,i
1301,sfs
1302,
1303,i
1304,
1305,E
1306,hS
1307,ASh
1308,mftU
1309,t
1310,AW
1311,SDDW
1312,jDb
1313,sDh
1314,khr
1315,hyRbti
1316,yRhihin
1317,yh
1318,nRzs
1319,IkRpHi
1320,hvDbys
1321,HiEhHi
1322,Rhtkzv
1323,RIfhs
1324,ihsrdhDzc
1325,bIhUsri
1326,DiissU
1327,DiRDhh
1328,hhtW
1329,Dnn
1330,gzhozW
1331,AmezlzWWp
1332,hzmDU
1333,yUzgti
1334,OznihiD
1335,dhihWfhE
1336,nnHtt
1337,vtynkAtfnHlzSt
1338,nifrh
1339,DbDnDDr
1340,Esr
1341,hhti
1342,WttisO
1343,TnhhhhtsrhiWIn
1344,.
1345,
1346,
1347,
1348,
1349,
1350,
1351,
1352,
1353,
1354,
1355,
1356,
1357,
1358,
1359,t
1360,
1361,
1362,
1363,b
1364,p
1365,
1366,
1367,
1368,bf
1369,bh
1370,
1371,
1372,iDt
1373,Ab
1374,A?b
1375,AAA?A
1376,?hn
1377,nDs
1378,fisds
1379,h
1380,nyk
1381,b
1382,teyH
1383,Dtd
1384,Dmt
1385,bvv
1386,RhShyU
1387,hDdSe
1388,IhRhD
1389,iyHt
1390,te
1391,bhDyj
1392,EDdiA
1393,znhDh
1394,WiIOhOsms
1395,mWEtmim
1396,vmthpWh
1397,iEhHpIz
1398,yf
1399,isfk
1400,DInDtc
1401,ehsDArIWpAn
1402,ftHbsOII
1403,bRhmnh
1404,AtsnvD
1405,Stsiyi
1406,tlayhze
1407,ttedRHih
1408,.
1409,
1410,
1411,
1412,
1413,
1414,
1415,
1416,
1417,
1418,
1419,
1420,f
1421,
1422,
1423,
1424,
1425,
1426,
1427,
1428,
1429,
1430,
1431,
1432,
1433,
1434,
1435,b
1436,DA
1437,DRH?
1438,Rpn
1439,Hd
1440,WtW
1441,WhmibW
1442,mmd
1443,IdmH
1444,eD
1445,Sh
1446,eIW
1447,iDeW
1448,IhDAtIAy
1449,fseE?
1450,pfneh
1451,Ssh
1452,chsjIin
1453,HDepD
1454,Rwyzb
1455,HiRnStz
1456,iRhvTtu
1457,IWDkI
1458,IhIWDnhyd
1459,ityith
1460,ib
1461,nWSnhrs
1462,UvhhmWW
1463,otAsWi
1464,bRtstI
1465,ztnbsIn
1466,sthdhziHhk
1467,fEDsIdDlzAH
1468,ikWIAhH.
1469,kWemin.
1470,hseArz?z
1471,ytisiyh
1472,.
1473,
1474,
1475,
1476,
1477,
1478,
1479,
1480,
1481,
1482,
1483,
1484,
1485,f
1486,p
1487,
1488,
1489,
1490,
1491,
1492,bW
1493,W
1494,
1495,e
1496,hfR
1497,yISD
1498,tDfDD
1499,tH
1500,H
1501,k
1502,hsDhhh
1503,hsrs
1504,DnEb
1505,DS
1506,fi
1507,Wwmmi
1508,bDNbh
1509,tIhb
1510,sAt
1511,ih
1512,shhpd
1513,wmh
1514,WyhkWhmcR
1515,wIRiWI
1516,makHD
1517,ShD
1518,panhrD
1519,tO
1520,mItWtri
1521,DtilHEh
1522,WlsfHI
1523,rks
1524,hhb
1525,apmfhH
1526,mUhHehe
1527,tDipbm
1528,hsIni
1529,DSdiba
1530,sIlvbR
1531,tshtWribhh
1532,otbIHohap
1533,Rzatns
1534,yyRptzhy
1535,hijiRmIIii
1536,.
1537,
1538,
1539,
1540,
1541,
1542,
1543,f
1544,
1545,
1546,
1547,
1548,
1549,
1550,
1551,f
1552,
1553,
1554,
1555,
1556,d
1557,
1558,A
1559,
1560,yW
1561,H
1562,RH
1563,RIi
1564,bi
1565,ddE
1566,iDhi
1567,
1568,mnH
1569,iHHhD
1570,hh
1571,mhtm
1572,zzdIfW
1573,IIEDmAW
1574,IyDtg
1575,ari
1576,R
1577,dt
1578,ispv
1579,dWkzh
1580,mtkm
1581,dEhb
1582,WsbhinEh
1583,W
1584,hbktI
1585,hhA
1586,pihy
1587,ihhs
1588,iUimte
1589,nckDRt
1590,hDOniHDibR
1591,tpHdvh
1592,bDhh
1593,Dykcpmyz
1594,tkltynW
1595,DbIRbSbIimhtO
1596,URlAhk?l
1597,meai.nykil
1598,lshihhjeH
1599,AeRrOhTtIIRa
1600,.
1601,
1602,
1603,
1604,
1605,
1606,
1607,
1608,
1609,
1610,
1611,
1612,
1613,
1614,
1615,b
1616,
1617,
1618,
1619,h
1620,fH
1621,
1622,
1623,I
1624,i
1625,A
1626,Wp
1627,WW
1628,tWu
1629,UDR
1630,SD
1631,HH
1632,fhI
1633,yIi
1634,pnr
1635,b?r
1636,I?jHrh
1637,iDh
1638,h
1639,tSUb
1640,hb
1641,znHnRfHi
1642,rhnAdW
1643,sRdIWW
1644,UHzHnd
1645,HHiv
1646,HiInIH
1647,HIAcDt
1648,IDEist
1649,pt
1650,Hadki
1651,DHry
1652,ppaeimihiz
1653,p
1654,ymIyot
1655,DfdR
1656,bHObzazh
1657,teHssh
1658,ORtzAs
1659,sastEd
1660,hhhbdhhsfshhy
1661,zDEAss
1662,yvifI
1663,otn
1664,.
1665,
1666,
1667,
1668,
1669,
1670,
1671,
1672,
1673,
1674,
1675,
1676,
1677,
1678,
1679,
1680,b
1681,
1682,
1683,
1684,
1685,
1686,
1687,
1688,Ok
1689,gD
1690,sSn
1691,
1692,DDh
1693,DbDhi
1694,nh
1695,nD
1696,E
1697,Ait
1698,nehhDI
1699,hn
1700,dh
1701,DsyOD
1702,hAe?
1703,W
1704,RWmnz
1705,WDDb
1706,pWheeh
1707,tRbWi
1708,rhnDhrA
1709,rI
1710,sIk
1711,dbI
1712,lR
1713,yThRbesfan
1714,Isgpzht
1715,heit
1716,kiirRti
1717,edRsinD
1718,iyn
1719,swRmDm
1720,NstmhsSD
1721,nfDzImIt
1722,iItHmeI
1723,DthhHhshR
1724,HlAmHg
1725,AIIHkhrehI
1726,hhkUtEs
1727,sss
1728,.
1729,
1730,
1731,
1732,
1733,
1734,
1735,
1736,
1737,S
1738,
1739,
1740,
1741,
1742,
1743,
1744,
1745,D
1746,
1747,
1748,h
1749,iDb
1750,
1751,cDE
1752,DhW
1753,Dv
1754,I
1755,haid
1756,sh
1757,
1758,Nsi
1759,p
1760,iS
1761,Ry?T
1762,WIfy?y
1763,So
1764,kzWUA
1765,AbDtyD
1766,nrzDt
1767,WntR
1768,ynfD
1769,eovm
1770,enhR
1771,ItkIhEi
1772,DzvhIE
1773,fRd
1774,RHvUEt
1775,thRD
1776,hDDhAse
1777,WfDhv
1778,vtyn
1779,cAir
1780,hOIkht
1781,eknlaIdd
1782,i?hhdlOd
1783,ahDnk
1784,batgAaybze
1785,o?
1786,pRImnRI
1787,RiWifiHtm
1788,ki
1789,nhWRhhe
1790,RslRhbDirbSylih
1791,RsizenIev
1792,.
1793,
1794,
1795,
1796,
1797,
1798,
1799,
1800,
1801,
1802,
1803,
1804,
1805,
1806,
1807,
1808,S
1809,
1810,
1811,
1812,
1813,
1814,bS
1815,
1816,H
1817,yI
1818,DhDA
1819,RiaA
1820,wRsW
1821,Rtn
1822,HhIDHt
1823,HSDDlnH
1824,Iv
1825,pUz
1826,WIhIwi
1827,hrlA
1828,eIwz
1829,D?ibnt
1830,Ipvbhd
1831,DiiHtED
1832,Hl
1833,hSROfHf
1834,ARdHI
1835,HniheIh
1836,hHindhtD
1837,Rfi
1838,AofDt
1839,ighzrzz
1840,nAtht
1841,fdonh
1842,snRyhDedhstlU
1843,IjhrEde
1844,iWeDs
1845,Odb
1846,HbfnshWR
1847,HnssWIIR
1848,blDzHDkhjsI
1849,phwvyb
1850,IrImh?mI
1851,hWetz
1852,rfIr
1853,ROhHkhDpUh
1854,RDIlHybW
1855,sOeDhhabyshD
1856,.
1857,
1858,
1859,
1860,
1861,
1862,s
1863,
1864,
1865,
1866,
1867,
1868,
1869,
1870,
1871,
1872,
1873,
1874,
1875,
1876,s?f
1877,?
1878,
1879,HD
1880,DUD
1881,HD
1882,A
1883,phn
1884,Hhh
1885,I
1886,i
1887,fh
1888,hinDhis
1889,mD
1890,DShe
1891,AHthm
1892,hsngtb
1893,zsmtDsy
1894,pmkpWHt
1895,AftW
1896,irDAh
1897,zIm
1898,DjRWu
1899,W
1900,she
1901,hbDoyiImRv
1902,iDtyb
1903,mmHtW
1904,pzhd
1905,ibyt
1906,tyDhhID
1907,hidiIab
1908,DHhOeO
1909,bDghHseh
1910,sDH
1911,hODDtI
1912,ObSs?toWOtf
1913,hWImsI
1914,yrsOm
1915,dhWWpd
1916,tIDmmkp
1917,ihmip
1918,lttssH
1919,haawH
1920,.
1921,
1922,
1923,
1924,
1925,
1926,
1927,
1928,
1929,
1930,f
1931,f
1932,
1933,
1934,
1935,
1936,
1937,
1938,
1939,f
1940,
1941,smt
1942,
1943,t
1944,h
1945,bt
1946,
1947,s
1948,h
1949,hhUD
1950,DOlD
1951,yI
1952,Ikhi
1953,DsEyAh
1954,hA
1955,WmHI
1956,RmInU
1957,
1958,ppzs
1959,htW
1960,tIf
1961,AW
1962,tmWp
1963,iItnt
1964,hDh
1965,fRd
1966,fHHDhdO
1967,HDhDly
1968,h.hr
1969,ehr
1970,sRny
1971,rhhimn?h
1972,thz?eh
1973,rWieIn
1974,yttW
1975,mnWmyyD
1976,iDoWbts
1977,imlDRWD.bs
1978,DilWaS
1979,Olsmf
1980,nyHDiWh
1981,cimIikeifhh
1982,Af
1983,Dh?iIEuhh
1984,.
1985,
1986,
1987,
1988,
1989,
1990,
1991,
1992,
1993,
1994,
1995,
1996,
1997,
1998,
1999,
2000,
2001,
2002,t
2003,
2004,
2005,?
2006,
2007,
2008,
2009,HS
2010,Sr
2011,iybsD
2012,Is
2013,nAWmy
2014,Df
2015,ii
2016,sh
2017,
2018,bI
2019,I
2020,syot
2021,hRt
2022,sey
2023,DRigA
2024,tDRf
2025,dHdi
2026,Hmty
2027,HDs
2028,DiD
2029,byDwhW
2030,yDIRhhAz
2031,Iiyfk
2032,inhbknaHh
2033,OhDis
2034,RODsiWz
2035,hiI
2036,ewedhArt
2037,zAmRlih
2038,WdsziimD
2039,sbhftak
2040,sbmDts
2041,Dzny
2042,WlHy
2043,DWDHbO
2044,WHstI
2045,vzht
2046,khIh
2047,dsHiIeka
2048,.
2049,
2050,
2051,
2052,
2053,
2054,
2055,
2056,
2057,
2058,
2059,
2060,
2061,
2062,
2063,
2064,
2065,
2066,
2067,
2068,
2069,
2070,i
2071,H
2072,f
2073,If
2074,RrH
2075,HD
2076,HIb
2077,
2078,WsHy
2079,fytbh
2080,tiWImhfD
2081,if
2082,hiy
2083,ntDtyWh?
2084,?WnDh?
2085,tDf
2086,tkveU
2087,UWikRU
2088,Iv
2089,Oighie
2090,DgbW
2091,hUHOnao
2092,zehehHEhR
2093,toim
2094,hnybiRz
2095,dnRkbpb
2096,dnfW
2097,ybcoe
2098,tb
2099,htOd
2100,DHdifiHhoDE
2101,ivHhNHDRA
2102,yhyih
2103,SynbDahbonb
2104,t?ip?DbDlvnIa
2105,ItWsI?hW
2106,rWt?I
2107,yU?hA?Emth
2108,bwhEh?tt?
2109,IhDa?AhInoh?
2110,iInfsD?RltNi
2111,WAUmknilA
2112,.
2113,
2114,
2115,
2116,
2117,
2118,
2119,
2120,
2121,
2122,
2123,
2124,
2125,
2126,
2127,
2128,
2129,
2130,b
2131,
2132,
2133,Di
2134,i
2135,
2136,
2137,Uhs
2138,m
2139,fW
2140,?fb
2141,?b
2142,?
2143,D
2144,Uig
2145,fferI
2146,HRnA
2147,h
2148,WHhe
2149,hwHs
2150,Dzt
2151,fOek
2152,rssik
2153,aH
2154,yDDtn
2155,shD
2156,sism
2157,omhRni
2158,rf
2159,SwiIgU
2160,im?kIRr
2161,?WRR
2162,hmht
2163,Dmi
2164,sDtAW
2165,sHDRm
2166,kRtnIH
2167,sDbgWnrhDHzO
2168,iWiD
2169,DD
2170,IhfeAIm
2171,ttyEhDDD
2172,gitta
2173,IedDhHtR
2174,ntekardOyezAR
2175,hlyRfE
2176,.
2177,
2178,
2179,
2180,
2181,
2182,
2183,
2184,
2185,
2186,
2187,
2188,
2189,
2190,
2191,
2192,H
2193,
2194,
2195,
2196,DH
2197,
2198,I
2199,i
2200,W
2201,
2202,it
2203,Dh
2204,mt
2205,eUEy
2206,DRA
2207,hR
2208,DsbD
2209,ih
2210,f?
2211,s?
2212,sf
2213,itOEb
2214,mIHtU
2215,tmHzf
2216,hbf
2217,a
2218,WRh
2219,WAhIiA
2220,rfi
2221,lOnbw
2222,lnluiAUaD
2223,phhEbR
2224,nht
2225,nyetfikst
2226,sHko
2227,RInhEsRsh
2228,otstis
2229,hsdtEm
2230,hkW
2231,DrItIWbe
2232,tkDttRk
2233,seyc
2234,mbolrhO
2235,zhnb
2236,iDdnAy
2237,dhsifdHd
2238,myilHItfH
2239,UsyARprUbu
2240,.
2241,
2242,
2243,
2244,
2245,
2246,
2247,
2248,
2249,
2250,
2251,
2252,
2253,
2254,
2255,
2256,
2257,
2258,D
2259,
2260,
2261,
2262,b
2263,
2264,Di
2265,e
2266,n
2267,hm
2268,y
2269,gh
2270,hn
2271,
2272,pD
2273,wW
2274,bi
2275,sbi
2276,msWf
2277,hWhW
2278,dSDI
2279,hEDrs
2280,fy
2281,h
2282,hnh
2283,nthDh
2284,HthishH
2285,nhkwpO
2286,h?idsh
2287,sH
2288,hHz
2289,bRIshHUt
2290,kyihDhRh
2291,e
2292,OIhRWmhov
2293,tivtIkD
2294,thnEDsshtiOy
2295,pislt
2296,Hklh
2297,tvii
2298,DhdkOl
2299,DsSDlh
2300,lDrerrhHEW
2301,lvirWHmTW
2302,gyilDHR
2303,nR
2304,.
2305,
2306,
2307,
2308,
2309,
2310,
2311,
2312,
2313,
2314,
2315,
2316,
2317,
2318,
2319,
2320,
2321,
2322,D
2323,
2324,h
2325,n
2326,nH
2327,dh
2328,
2329,p
2330,R
2331,tHD
2332,?iAW
2333,d
2334,iinyH
2335,dmhd?
2336,ymlz
2337,ybr
2338,im
2339,UUoI
2340,d
2341,hihDDt
2342,ciy
2343,Ahjp
2344,ydh
2345,Wns
2346,WUDd
2347,piItlhf
2348,pwstleAI
2349,lHwpybsuWOtR
2350,RHOg
2351,RhyIU
2352,omwhk
2353,sfdEd?
2354,msRhWihU
2355,smieRtz
2356,AlWe
2357,EmltSz
2358,Demtis
2359,mRhEiH.i
2360,phy.s
2361,cIbhg
2362,IIz
2363,IbrAz
2364,SmsEDhHpSE
2365,hbIyIzH
2366,bthdUUsh
2367,UHsDvp
2368,.
2369,
2370,
2371,
2372,
2373,
2374,
2375,
2376,
2377,
2378,
2379,T
2380,
2381,
2382,
2383,
2384,
2385,
2386,k
2387,
2388,cD
2389,bSD
2390,bb
2391,
2392,R
2393,
2394,hIH
2395,y
2396,h
2397,f
2398,WSI
2399,z
2400,t
2401,h
2402,DDa
2403,ydiW
2404,EDH
2405,DyDsi
2406,yyyh
2407,hIknh
2408,NShhofHW
2409,RISs?
2410,iks
2411,fvisrs
2412,thiIth
2413,Sy
2414,lnzsyeh
2415,llWspORm
2416,nRDdm
2417,ghhtb
2418,D
2419,dmny
2420,tThrmi
2421,gIhrkAWIm
2422,WwrlsD
2423,enhiwD
2424,hIebtRnbhlw
2425,AtldRhlHI
2426,tlsItOthR
2427,Is?hwhphR
2428,Dad?lthWkiW
2429,?lDlshHv
2430,?mrlhH
2431,jbUtiifiHp
2432,.
2433,
2434,
2435,
2436,
2437,
2438,
2439,
2440,
2441,
2442,
2443,
2444,
2445,S
2446,
2447,
2448,
2449,
2450,
2451,
2452,D
2453,D
2454,
2455,
2456,yh
2457,ybk
2458,yh
2459,SR
2460,t
2461,be
2462,
2463,li
2464,t
2465,sD
2466,dDSf
2467,IASgI
2468,nm
2469,d
2470,IbhE
2471,iro
2472,whnR
2473,NIgRWy
2474,SshD
2475,hnDIi
2476,rpbOcy
2477,ihip
2478,bAikE
2479,Whzt
2480,nWIhSRz
2481,dWgSRoat
2482,gditDERh
2483,hOsi
2484,jrWs
2485,zywn
2486,h
2487,aOpOAhide
2488,ioiiR
2489,ItmhDeenDc
2490,nmIhyhsWhrnSit
2491,kthmmWnDOwD
2492,nWmmt
2493,nhtW
2494,bWlepihd
2495,hlhihi
2496,.
2497,
2498,
2499,
2500,
2501,
2502,t
2503,
2504,
2505,
2506,
2507,
2508,
2509,
2510,
2511,
2512,n
2513,
2514,
2515,S
2516,
2517,D
2518,
2519,
2520,f
2521,lh
2522,l
2523,
2524,iA
2525,
2526,hn
2527,ifb
2528,IhH
2529,njtsp
2530,Dr
2531,bhIy
2532,h
2533,i
2534,hDWsHe
2535,WyHRi
2536,bRh
2537,DimDySi
2538,hne
2539,H
2540,hhiDHzi
2541,WH
2542,gszrAD
2543,uWRtID
2544,hSHd
2545,RygeS?ch
2546,RthRnt
2547,iahm
2548,elh
2549,hiebDieA
2550,IzmRDieDt
2551,nDsRnt
2552,iOni
2553,EdDvIz
2554,ED?HDiI
2555,?shOzUt
2556,hhWn
2557,lHraksD
2558,DAHHyD
2559,bYDbhDIheWst
2560,.
